,0
0,skoda fabia combi mk1
1,skoda fabia hatchback mk2
2,skoda octavia combi mk2
3,skoda fabia combi mk2
4,skoda octavia sedan mk3
5,skoda octavia combi mk3
6,skoda octavia combi mk1
7,volkswagen passat combi mk6
8,skoda fabia hatchback mk1
9,skoda superb sedan mk2
10,skoda rapid sedan mk1
11,skoda octavia sedan mk1
12,skoda octavia sedan mk2
13,skoda superb combi mk2
14,volkswagen passat combi mk7
15,volkswagen golf hatchback mk6
16,volkswagen passat sedan mk6
17,volkswagen golf combi mk6
18,skoda superb sedan mk1
19,audi a4 combi mk3
20,seat toledo sedan mk4
21,audi a6 combi mk2
22,volkswagen passat sedan mk5
23,mercedes-benz c combi mk2
24,volkswagen passat combi mk5
25,skoda fabia sedan mk1
26,skoda yeti suv mk1
27,volkswagen caddy van mk3
28,skoda citigo hatchback mk1
29,ford focus combi mk1
30,peugeot 206 hatchback mk1
31,hyundai ix20 mpv mk1
32,skoda felicia combi mk2
33,chrysler grand-voyager mpv mk4
34,skoda felicia hatchback mk1
35,fiat panda hatchback mk2
36,citroen berlingo van mk2
37,bmw x5 suv mk2
38,audi a6 combi mk4
39,hyundai i20 hatchback mk1
40,bmw x3 suv mk2
41,mercedes-benz c combi mk3
42,porsche cayenne suv mk2
43,renault twingo hatchback mk1
44,citroen berlingo van mk1
45,ford fiesta hatchback mk6
46,bmw 3 coupe mk5
47,skoda felicia hatchback mk2
48,peugeot partner van mk2
49,skoda favorit hatchback mk1
50,bmw 3 sedan mk5
51,volkswagen golf hatchback mk7
52,audi a6 sedan mk4
53,mazda 6 sedan mk3
54,toyota auris combi mk2
55,toyota yaris hatchback mk3
56,audi a5 sedan mk1
57,bmw x5 suv mk3
58,renault megane combi mk3
59,opel corsa hatchback mk4
60,ford mondeo combi mk3
61,ford galaxy mpv mk1
62,seat alhambra mpv mk1
63,skoda felicia combi mk1
64,kia ceed combi mk2
65,volkswagen up hatchback mk1
66,bmw 3 combi mk5
67,bmw 1 hatchback mk1
68,ford focus combi mk3
69,volkswagen golf combi mk4
70,bmw 5 sedan mk5
71,volkswagen polo hatchback mk5
72,volkswagen sharan mpv mk1
73,volkswagen touareg suv mk2
74,audi a5 coupe mk1
75,opel astra combi mk4
76,kia ceed combi mk1
77,fiat punto hatchback mk1
78,toyota auris hatchback mk1
79,toyota aygo hatchback mk1
80,audi a6 sedan mk2
81,porsche macan suv mk1
82,bmw 3 sedan mk4
83,peugeot 807 mpv mk1
84,opel vectra combi mk2
85,audi q7 suv mk1
86,skoda 130 sedan mk1
87,mitsubishi asx suv mk3
88,skoda rapid hatchback mk1
89,bmw 3 sedan mk6
90,opel astra hatchback mk4
91,renault kangoo van mk1
92,smart city-coupe hatchback mk1
93,audi a4 sedan mk4
94,fiat punto hatchback mk3
95,jeep grand-cherokee suv mk4
96,mercedes-benz cla sedan mk1
97,seat ibiza combi mk4
98,volkswagen golf hatchback mk4
99,renault fluence sedan mk1
100,audi q5 suv mk1
101,volkswagen tiguan suv mk1
102,mini hatch hatchback mk2
103,bmw 6 coupe mk3
104,hyundai i30 hatchback mk1
105,opel astra combi mk3
106,audi a4 sedan mk1
107,kia venga mpv mk1
108,volkswagen golf hatchback mk5
109,volvo c30 hatchback mk1
110,ford focus combi mk2
111,ford galaxy mpv mk2
112,chrysler grand-voyager mpv mk3
113,opel corsa hatchback mk3
114,hyundai i30 combi mk2
115,peugeot 107 hatchback mk1
116,skoda roomster van mk1
117,volkswagen polo hatchback mk3
118,citroen c1 hatchback mk1
119,citroen xsara-picasso mpv mk1
120,audi a6 combi mk3
121,fiat doblo van mk1
122,opel astra combi mk2
123,renault megane combi mk2
124,hyundai i30 hatchback mk2
125,renault clio hatchback mk2
126,renault trafic van mk2
127,audi a4 cabriolet mk3
128,ford s-max mpv mk1
129,seat cordoba sedan mk2
130,seat leon hatchback mk2
131,audi a6 combi mk1
132,toyota avensis combi mk2
133,renault megane combi mk1
134,ford fusion mpv mk1
135,renault laguna combi mk2
136,ford focus hatchback mk1
137,volkswagen touran mpv mk1
138,fiat punto hatchback mk2
139,ford mondeo combi mk2
140,peugeot 207 hatchback mk1
141,toyota corolla hatchback mk8
142,audi a4 combi mk1
143,ford galaxy mpv mk3
144,renault laguna sedan mk2
145,renault clio combi mk3
146,renault megane hatchback mk2
147,subaru legacy combi mk4
148,renault megane hatchback mk3
149,ford mondeo combi mk1
150,volkswagen touran mpv mk2
151,nissan juke suv mk1
152,fiat ulysse mpv mk2
153,suzuki swift hatchback mk3
154,bmw 5 combi mk6
155,renault espace mpv mk4
156,ford focus hatchback mk2
157,suzuki swift hatchback mk2
158,ford focus sedan mk1
159,renault thalia sedan mk1
160,mercedes-benz c sedan mk2
161,opel vectra sedan mk3
162,ford fiesta hatchback mk5
163,seat leon hatchback mk1
164,hyundai i30 combi mk1
165,suzuki sx4 hatchback mk1
166,mercedes-benz b hatchback mk2
167,ford mondeo combi mk4
168,peugeot 307 combi mk1
169,seat altea mpv mk1
170,opel astra hatchback mk3
171,seat altea-xl mpv mk1
172,chevrolet cruze hatchback mk1
173,peugeot 206 combi mk1
174,skoda forman combi mk1
175,alfaromeo giulietta hatchback mk1
176,alfaromeo 156 combi mk1
177,volkswagen vento sedan mk2
178,ford mondeo sedan mk3
179,peugeot 308 combi mk1
180,ford transit-connect van mk1
181,renault laguna sedan mk1
182,peugeot 307 hatchback mk1
183,bmw 5 combi mk4
184,peugeot 205 hatchback mk1
185,opel vivaro van mk2
186,dacia dokker van mk1
187,kia sportage suv mk3
188,volkswagen transporter van mk4
189,skoda felicia pickup mk1
190,citroen c3 hatchback mk1
191,peugeot partner van mk1
192,chrysler grand-voyager mpv mk5
193,skoda favorit pickup mk1
194,citroen xsara combi mk2
195,audi a7 sedan mk1
196,citroen c4 hatchback mk2
197,renault kangoo van mk2
198,bmw 7 sedan mk5
199,chevrolet spark hatchback mk2
200,opel zafira mpv mk2
201,hyundai ix35 suv mk1
202,chevrolet cruze sedan mk1
203,mercedes-benz citan van mk1
204,citroen saxo hatchback mk1
205,bmw 5 sedan mk6
206,skoda felicia pickup mk2
207,chevrolet cruze combi mk1
208,porsche panamera sedan mk1
209,mazda 2 hatchback mk2
210,volkswagen caddy van mk2
211,ford transit van mk6
212,renault master van mk2
213,renault clio hatchback mk4
214,opel astra hatchback mk2
215,opel astra sedan mk3
216,opel meriva mpv mk1
217,chevrolet orlando suv mk1
218,bmw x3 suv mk1
219,hyundai getz hatchback mk1
220,ford mondeo sedan mk4
221,ford kuga suv mk1
222,ford focus sedan mk2
223,dacia logan combi mk2
224,ford focus hatchback mk3
225,seat toledo sedan mk2
226,kia ceed hatchback mk2
227,opel astra coupe mk3
228,bmw 3 combi mk4
229,land-rover freelander suv mk2
230,renault scenic mpv mk1
231,toyota yaris hatchback mk2
232,ford transit-connect van mk2
233,volvo xc90 suv mk1
234,volkswagen golf hatchback mk2
235,citroen c4 hatchback mk1
236,peugeot 308 hatchback mk1
237,fiat stilo hatchback mk1
238,alfaromeo 147 hatchback mk1
239,citroen ds5 mpv mk1
240,nissan qashqai suv mk1
241,hyundai santafe suv mk4
242,seat ibiza combi mk2
243,opel vectra sedan mk2
244,peugeot 508 combi mk1
245,peugeot ion hatchback mk1
246,fiat scudo van mk2
247,fiat doblo van mk2
248,volkswagen transporter van mk5
249,bmw 3 sedan mk3
250,chevrolet spark hatchback mk1
251,renault megane hatchback mk1
252,honda jazz mpv mk1
253,bmw 5-gt fastback mk1
254,dacia duster suv mk1
255,renault scenic mpv mk2
256,ford ka hatchback mk1
257,citroen xsara combi mk1
258,peugeot 3008 suv mk1
259,renault espace mpv mk3
260,honda cr-v suv mk3
261,volvo xc60 suv mk1
262,volkswagen golf combi mk3
263,opel zafira mpv mk1
264,citroen c5 sedan mk2
265,hyundai i20 hatchback mk2
266,hyundai sonata sedan mk5
267,daewoo lanos hatchback mk1
268,fiat marea combi mk1
269,range-rover classic suv mk3
270,mitsubishi outlander suv mk3
271,citroen c3-picasso mpv mk1
272,mazda 3 hatchback mk1
273,kia rio hatchback mk2
274,volkswagen bora sedan mk4
275,hyundai matrix mpv mk1
276,hyundai h1 van mk1
277,ford c-max mpv mk1
278,honda civic combi mk9
279,saab 9-5 combi mk1
280,mercedes-benz gl suv mk2
281,ford fiesta hatchback mk4
282,suzuki ignis hatchback mk2
283,audi a3 combi mk2
284,mazda 323f hatchback mk2
285,volvo v70 combi mk1
286,ford b-max mpv mk1
287,mazda 626 sedan mk6
288,fiat stilo combi mk1
289,volvo v70 combi mk2
290,seat cordoba sedan mk1
291,citroen jumpy van mk2
292,peugeot 5008 mpv mk1
293,bmw 5 sedan mk4
294,toyota auris hatchback mk2
295,fiat linea sedan mk1
296,renault megane sedan mk2
297,opel meriva mpv mk2
298,mercedes-benz w126 sedan mk1
299,volkswagen sharan mpv mk2
300,audi a4 combi mk4
301,range-rover evoque suv mk1
302,mazda 6 combi mk2
303,ford transit van mk8
304,peugeot 206 coupe mk1
305,ford c-max mpv mk2
306,mercedes-benz gle suv mk1
307,fiat uno hatchback mk2
308,renault laguna combi mk1
309,peugeot boxer van mk3
310,bmw x1 suv mk1
311,porsche cayenne suv mk1
312,honda civic hatchback mk9
313,honda cr-v suv mk4
314,hyundai accent sedan mk3
315,subaru forester suv mk4
316,peugeot 106 hatchback mk1
317,fiat ducato van mk2
318,suzuki jimny offroad mk2
319,mazda 6 sedan mk2
320,opel insignia sedan mk1
321,seat ibiza hatchback mk4
322,mazda 6 combi mk1
323,citroen c2 hatchback mk1
324,honda legend sedan mk4
325,suzuki swift hatchback mk1
326,fiat seicento hatchback mk1
327,ford transit van mk7
328,renault captur suv mk1
329,fiat 500 hatchback mk1
330,volvo xc90 suv mk2
331,toyota yaris hatchback mk1
332,nissan almera sedan mk2
333,citroen c4-picasso mpv mk2
334,opel insignia combi mk1
335,renault scenic mpv mk3
336,citroen c4-picasso mpv mk1
337,mercedes-benz e combi mk5
338,volvo xc70 combi mk3
339,mercedes-benz vito van mk2
340,renault thalia sedan mk2
341,opel combo van mk3
342,audi a3 hatchback mk1
343,nissan qashqai suv mk2
344,audi a4 sedan mk3
345,peugeot boxer van mk2
346,subaru legacy sedan mk5
347,hyundai i40 combi mk1
348,fiat ducato van mk3
349,rover 25 hatchback mk1
350,opel combo van mk2
351,mazda 6 sedan mk1
352,seat leon combi mk3
353,seat ibiza hatchback mk3
354,mercedes-benz sprinter van mk1
355,honda accord sedan mk8
356,ford transit van mk5
357,land-rover freelander-sport suv mk1
358,kia sportage suv mk4
359,bmw 3-gt fastback mk1
360,volkswagen passat combi mk4
361,renault espace mpv mk1
362,volkswagen polo hatchback mk4
363,ford transit-custom van mk1
364,volkswagen jetta sedan mk3
365,mercedes-benz gl suv mk1
366,fiat tipo hatchback mk2
367,citroen c3 hatchback mk2
368,renault kadjar suv mk1
369,subaru outback combi mk5
370,dacia lodgy mpv mk1
371,mercedes-benz sprinter van mk2
372,suzuki vitara suv mk2
373,nissan almera-tino mpv mk1
374,renault modus mpv mk1
375,kia ceed hatchback mk1
376,fiat ulysse mpv mk1
377,suzuki vitara suv mk3
378,hyundai tucson suv mk3
379,mercedes-benz glk suv mk1
380,nissan leaf hatchback mk1
381,citroen jumper van mk3
382,ford mondeo combi mk5
383,mercedes-benz c sedan mk3
384,mercedes-benz c sedan mk4
385,bmw x6 suv mk1
386,renault master van mk3
387,ford mondeo sedan mk5
388,opel zafira mpv mk3
389,toyota verso mpv mk1
390,nissan pathfinder pickup mk3
391,volkswagen crafter van mk1
392,mercedes-benz vito van mk3
393,volkswagen golf hatchback mk3
394,audi a8 sedan mk3
395,toyota rav4 suv mk3
396,hyundai i10 hatchback mk1
397,mercedes-benz a hatchback mk2
398,toyota rav4 suv mk4
399,honda civic hatchback mk8
400,peugeot 308 hatchback mk2
401,mitsubishi colt hatchback mk6
402,honda prelude coupe mk4
403,honda jazz mpv mk2
404,audi a4 combi mk2
405,volvo v70 combi mk3
406,audi a6 sedan mk3
407,iveco daily van mk5
408,renault clio hatchback mk3
409,bmw 7 sedan mk3
410,fiat tipo hatchback mk1
411,peugeot 207 coupe mk1
412,nissan pathfinder suv mk3
413,mercedes-benz ml suv mk3
414,volvo s60 sedan mk1
415,volkswagen cc sedan mk2
416,audi q3 suv mk1
417,mazda 6 combi mk3
418,kia sorento suv mk2
419,audi a3 hatchback mk2
420,chevrolet captiva suv mk1
421,lancia delta hatchback mk3
422,mercedes-benz ml suv mk2
423,volvo v40-ng hatchback mk1
424,seat alhambra mpv mk2
425,peugeot boxer van mk1
426,alfaromeo 156 sedan mk1
427,fiat marea sedan mk1
428,dacia sandero hatchback mk2
429,peugeot 407 sedan mk1
430,fiat bravo hatchback mk1
431,volkswagen passat sedan mk8
432,nissan almera hatchback mk2
433,toyota land-cruiser-prado suv mk3
434,volkswagen amarok pickup mk1
435,peugeot 207 combi mk1
436,kia carnival mpv mk2
437,mercedes-benz a hatchback mk3
438,opel combo van mk4
439,hyundai santafe suv mk3
440,volvo s40 sedan mk2
441,skoda fabia hatchback mk3
442,volkswagen golf mpv mk6
443,iveco daily van mk4
444,mazda 2 hatchback mk3
445,volvo v60 combi mk1
446,saab 9-5 sedan mk2
447,hummer h3 suv mk1
448,kia sportage suv mk1
449,skoda superb combi mk3
450,bmw 3 combi mk6
451,skoda fabia combi mk3
452,hyundai accent hatchback mk1
453,fiat 500x mpv mk1
454,volvo s80 sedan mk2
455,citroen jumper van mk2
456,tesla model-s sedan mkl
457,dacia logan sedan mk2
458,mazda 5 mpv mk2
459,opel movano van mk3
460,mercedes-benz gla suv mk1
461,chevrolet spark hatchback mk3
462,audi a8 sedan mk2
463,ford ranger pickup mk4
464,mazda premacy mpv mk1
465,honda civic hatchback mk7
466,alfaromeo 159 combi mk1
467,subaru impreza combi mk2
468,nissan primera combi mk2
469,nissan almera hatchback mk1
470,nissan patrol offroad mk5
471,subaru impreza combi mk1
472,audi a5 cabriolet mk1
473,mercedes-benz a hatchback mk1
474,bmw 5 combi mk5
475,honda cr-v suv mk2
476,volkswagen golf mpv mk7
477,renault clio hatchback mk1
478,alfaromeo 159 sedan mk1
479,audi a4 cabriolet mk4
480,mercedes-benz cls coupe mk1
481,fiat scudo van mk1
482,nissan x-trail suv mk2
483,fiat freemont suv mk1
484,volkswagen eos coupe mk1
485,jaguar xf sedan mk1
486,land-rover discovery offroad mk1
487,nissan serena van mk1
488,nissan patrol offroad mk4
489,toyota avensis sedan mk2
490,opel astra combi mk5
491,nissan terrano-2 suv mk1
492,ford fiesta hatchback mk1
493,mercedes-benz s sedan mk5
494,renault twingo hatchback mk3
495,audi a3 hatchback mk3
496,bmw x6 suv mk2
497,bmw 3 coupe mk4
498,volvo s40 sedan mk1
499,nissan almera sedan mk1
500,peugeot 406 sedan mk1
501,peugeot expert van mk2
502,lexus is sedan mk2
503,citroen jumpy van mk3
504,opel corsa hatchback mk2
505,mazda 323 hatchback mk8
506,renault trafic van mk3
507,seat ibiza hatchback mk1
508,citroen c8 mpv mk1
509,audi a1 hatchback mk1
510,bmw x5 suv mk1
511,volkswagen transporter van mk6
512,honda cr-v suv mk1
513,subaru outback combi mk4
514,ford escort sedan mk6
515,volkswagen cc sedan mk1
516,renault laguna combi mk3
517,opel sintra mpv mk1
518,mercedes-benz cla combi mk1
519,mitsubishi outlander suv mk2
520,mitsubishi pajero suv mk4
521,kia soul suv mk1
522,opel astra hatchback mk1
523,infinity qx70 suv mk2
524,honda civic hatchback mk6
525,jeep grand-cherokee suv mk2
526,nissan patrol suv mk6
527,mitsubishi pajero suv mk3
528,jeep wrangler offroad mk3
529,opel mokka suv mk1
530,citroen c4-aircross suv mk1
531,peugeot 308 combi mk2
532,hyundai atos hatchback mk1
533,peugeot 405 combi mk1
534,ssangyong kyron suv mk1
535,chevrolet aveo hatchback mk1
536,peugeot 406 combi mk1
537,toyota corolla-verso mpv mk3
538,dacia logan sedan mk1
539,land-rover discovery offroad mk4
540,volvo v50 combi mk1
541,toyoto land-cruiser suv mk9
542,citroen c5 sedan mk1
543,volkswagen polo combi mk3
544,peugeot 306 hatchback mk1
545,citroen jumpy van mk1
546,audi a4 sedan mk5
547,mercedes-benz cls combi mk2
548,honda civic hatchback mk4
549,mitsubishi lancer combi mk6
550,peugeot 508 sedan mk1
551,toyota corolla hatchback mk9
552,seat inca van mk1
553,toyota avensis combi mk3
554,hyundai accent sedan mk1
555,mazda cx-5 suv mk1
556,hyundai ix55 suv mk1
557,saab 9-3 sedan mk2
558,mitsubishi lancer sedan mk8
559,renault koleos suv mk1
560,hyundai santafe suv mk2
561,alfaromeo mito hatchback mk1
562,mercedes-benz vito van mk1
563,jeep patriot offroad mk1
564,volvo v40 combi mk1
565,opel agila hatchback mk1
566,mercedes-benz cls coupe mk2
567,seat toledo sedan mk1
568,opel movano van mk2
569,opel astra combi mk1
570,honda civic sedan mk6
571,subaru outback combi mk2
572,mazda 3 hatchback mk2
573,nissan navara pickup mk3
574,hyundai santafe suv mk1
575,mitsubishi lancer sedan mk10
576,jeep renegade suv mk1
577,ford puma coupe mk1
578,bmw 6 sedan mk3
579,citroen xsara hatchback mk1
580,fiat croma combi mk2
581,subaru impreza hatchback mk3
582,seat leon hatchback mk3
583,jaguar xf sedan mk2
584,ford courier van mk1
585,bmw 3 coupe mk3
586,audi 80 sedan mk3
587,hyundai accent sedan mk2
588,volkswagen lupo hatchback mk1
589,lancia ypsilon hatchback mk2
590,mazda rx-8 coupe mk1
591,lexus is sedan mk3
592,mazda 323f hatchback mk3
593,lexus rx suv mk2
594,toyota rav4 suv mk1
595,suzuki splash hatchback mk1
596,toyota yaris-verso mpv mk1
597,kia picanto hatchback mk2
598,mercedes-benz gle-coupe suv mk1
599,ford mondeo sedan mk2
600,bmw 3 combi mk3
601,kia carens mpv mk2
602,suzuki vitara suv mk4
603,toyota avensis-verso mpv mk2
604,opel vectra sedan mk1
605,fiat tempra sedan mk1
606,dacia sandero hatchback mk1
607,toyota prius hatchback mk2
608,toyota avensis sedan mk3
609,ford transit-courier van mk1
610,opel astra coupe mk2
611,hyundai elantra sedan mk3
612,volkswagen lt van mk2
613,jeep grand-cherokee suv mk1
614,audi a4 sedan mk2
615,nissan note mpv mk1
616,toyota corolla combi mk8
617,toyota corolla sedan mk10
618,bmw 7 sedan mk4
619,lexus rx suv mk1
620,toyota corolla-verso mpv mk2
621,seat cordoba combi mk1
622,mercedes-benz e combi mk4
623,chrysler 300c sedan mk2
624,seat ibiza hatchback mk2
625,nissan primera combi mk3
626,chevrolet aveo sedan mk1
627,saab 9-3 sedan mk1
628,mazda mx-5 coupe mk1
629,renault laguna sedan mk3
630,nissan micra hatchback mk3
631,fiat multipla mpv mk1
632,opel astra sedan mk1
633,volkswagen jetta sedan mk6
634,mazda cx-7 suv mk1
635,alfaromeo 145 hatchback mk1
636,fiat fiorino van mk2
637,opel vectra combi mk3
638,subaru forester suv mk1
639,dacia logan combi mk1
640,nissan navara pickup mk1
641,nissan micra hatchback mk2
642,alfaromeo gtv coupe mk1
643,audi a2 hatchback mk1
644,lancia kappa sedan mk1
645,hyundai tucson suv mk1
646,volkswagen golf hatchback mk1
647,iveco daily van mk3
648,citroen nemo van mk1
649,toyota hilux offroad mk7
650,lexus is sedan mk1
651,lexus rx suv mk3
652,audi a8 sedan mk1
653,porsche 991 coupe mk1
654,hyundai sonata sedan mk4
655,peugeot 607 sedan mk1
656,fiat 126 hatchback mk1
657,renault velsatis hatchback mk1
658,citroen xantia sedan mk1
659,subaru forester suv mk2
660,kia picanto hatchback mk1
661,mercedes-benz b hatchback mk1
662,hyundai accent hatchback mk3
663,opel omega sedan mk1
664,mitsubishi asx suv mk1
665,mercedes-benz r mpv mk1
666,bmw z3 coupe mk1
667,ford escort combi mk6
668,volkswagen touareg suv mk1
669,toyota avensis combi mk1
670,mercedes-benz s sedan mk4
671,mitsubishi delica van mk3
672,opel combo van mk1
673,ford fiesta hatchback mk3
674,nissan primera hatchback mk3
675,lancia ypsilon hatchback mk1
676,audi 100 sedan mk4
677,fiat fiorino van mk3
678,volkswagen passat combi mk3
679,subaru impreza sedan mk2
680,fiat coupe coupe mk1
681,peugeot 405 sedan mk1
682,toyota corolla hatchback mk7
683,hyundai i40 sedan mk1
684,volkswagen new-beetle coupe mk1
685,audi tt coupe mk1
686,fiat bravo hatchback mk2
687,lada 1200 sedan mk1
688,iveco daily van mk2
689,renault safrane sedan mk1
690,toyota rav4 suv mk2
691,daewoo matiz hatchback mk1
692,peugeot 306 combi mk3
